"Colonial Secretary Main series of letters received,1826-1982","http://indexes.records.nsw.gov.au/searchhits_nocopy.aspx?table=Colonial Secretary Main series of letters received,1826-1982&id=45&frm=1&query=Year:%"
"Aboriginal cases","http://indexes.records.nsw.gov.au/searchhits_nocopy.aspx?table=Aboriginal cases&id=1&frm=1&query=Names:%"
"Index on Occupants on Aboriginal Reserves, 1875 to 1904","http://indexes.records.nsw.gov.au/searchhits_nocopy.aspx?table=Index on Occupants on Aboriginal Reserves, 1875 to 1904&id=47&frm=1&query=Surname:%"
"Government Architect","http://indexes.records.nsw.gov.au/searchhits_nocopy.aspx?table=Government Architect&id=64&frm=1&query=Place:%"
"Assisted Immigrants","http://indexes.records.nsw.gov.au/searchhits_nocopy.aspx?table=Assisted Immigrants&id=9&frm=1&query=Surname:%"
"Index to Miscellaneous Immigrants","http://indexes.records.nsw.gov.au/searchhits_nocopy.aspx?table=Index to Miscellaneous Immigrants&id=55&frm=1&query=Surname:%"
"Index to the Unassisted Arrivals NSW 1842-1855","http://indexes.records.nsw.gov.au/searchhits_nocopy.aspx?table=Index to the Unassisted Arrivals NSW 1842-1855&id=43&frm=1&query=Names:%"
"Index to Vessels Arrived, 1837 - 1925","http://indexes.records.nsw.gov.au/searchhits_nocopy.aspx?table=Index to Vessels Arrived, 1837 - 1925&id=49&frm=1&query=[Ship Name]:%"
"Government Asylums for the Infirm and Destitute","http://indexes.records.nsw.gov.au/searchhits_nocopy.aspx?table=Government Asylums for the Infirm and Destitute&id=80&frm=1&query=Surname:%"
"Bankruptcy Index","http://indexes.records.nsw.gov.au/searchhits_nocopy.aspx?table=Bankruptcy Index&id=59&frm=1&query=Surname:%"
"Insolvency Index","http://indexes.records.nsw.gov.au/searchhits_nocopy.aspx?table=Insolvency Index&id=10&frm=1&query=Surname:%"
"Index to Registers of Firms","http://indexes.records.nsw.gov.au/searchhits_nocopy.aspx?table=Index to Registers of Firms&id=48&frm=1&query=[Name of Firm]:%"
"Index to 1841 Census","http://indexes.records.nsw.gov.au/searchhits_nocopy.aspx?table=Index to 1841 Census&id=18&frm=1&query=Surname:%"
"NSW Chemists and Druggists","http://indexes.records.nsw.gov.au/searchhits_nocopy.aspx?table=NSW Chemists and Druggists&id=72&frm=1&query=Surname:%"
"Registers of Nurses","http://indexes.records.nsw.gov.au/searchhits_nocopy.aspx?table=Registers of Nurses&id=79&frm=1&query=Surname:%"
"King’s and Queen’s Counsel Appointments","http://indexes.records.nsw.gov.au/searchhits_nocopy.aspx?table=King’s and Queen’s Counsel Appointments&id=83&frm=1&query=Surname:%"
"Registers of Police","http://indexes.records.nsw.gov.au/searchhits_nocopy.aspx?table=Registers of Police&id=31&frm=1&query=Surname:%"
"Publicans Licenses","http://indexes.records.nsw.gov.au/searchhits_nocopy.aspx?table=Publicans Licenses&id=69&frm=1&query=Surname:%"
"Teachers Rolls","http://indexes.records.nsw.gov.au/searchhits_nocopy.aspx?table=Teachers Rolls&id=73&frm=1&query=Surname:%"
"Child Care and Protection","http://indexes.records.nsw.gov.au/searchhits_nocopy.aspx?table=Child Care and Protection&id=74&frm=1&query=Surname:%"
"CSreLand","http://indexes.records.nsw.gov.au/searchhits_nocopy.aspx?table=CSreLand&id=14&frm=1&query=Surname:%"
"Unemployed in Sydney 1866","http://indexes.records.nsw.gov.au/searchhits_nocopy.aspx?table=Unemployed in Sydney 1866&id=81&frm=1&query=Surname:%"
"Convict Index","http://indexes.records.nsw.gov.au/searchhits_nocopy.aspx?table=Convict Index&id=65&frm=1&query=Surname:%"
"Early Convict Index","http://indexes.records.nsw.gov.au/searchhits_nocopy.aspx?table=Early Convict Index&id=77&frm=1&query=Surname:%"
"Index to convict exiles, 1846-50","http://indexes.records.nsw.gov.au/searchhits_nocopy.aspx?table=Index to convict exiles, 1846-50&id=20&frm=1&query=Surname:%"
"Applications to Marry","http://indexes.records.nsw.gov.au/searchhits_nocopy.aspx?table=Applications to Marry&id=68&frm=1&query=[Applicant (Male)]:%"
"Coroners Inquests 1796-1824","http://indexes.records.nsw.gov.au/searchhits_nocopy.aspx?table=Coroners Inquests 1796-1824&id=61&frm=1&query=Surname:%"
"Bench of Magistrates cases, 1788-1820","http://indexes.records.nsw.gov.au/searchhits_nocopy.aspx?table=Bench of Magistrates cases, 1788-1820&id=11&frm=1&query=Surname:%"
"Court of Civil Jurisdiction index","http://indexes.records.nsw.gov.au/searchhits_nocopy.aspx?table=Court of Civil Jurisdiction index&id=42&frm=1&query=Plaintiff:%"
"Criminal Jurisdiction","http://indexes.records.nsw.gov.au/searchhits_nocopy.aspx?table=Criminal Jurisdiction&id=57&frm=1&query=Names:%"
"Index to Deposition Registers","http://indexes.records.nsw.gov.au/searchhits_nocopy.aspx?table=Index to Deposition Registers&id=40&frm=1&query=Surname:%"
"Governor’s Court Case Papers, 1815-1824","http://indexes.records.nsw.gov.au/searchhits_nocopy.aspx?table=Governor’s Court Case Papers, 1815-1824&id=76&frm=1&query=Surname:%"
"Index to Quarter Sessions cases, 1824-37","http://indexes.records.nsw.gov.au/searchhits_nocopy.aspx?table=Index to Quarter Sessions cases, 1824-37&id=25&frm=1&query=Surname:%"
"Deceased Estates","http://indexes.records.nsw.gov.au/searchhits_nocopy.aspx?table=Deceased Estates&id=15&frm=1&query=Surname:%"
"Index to Intestate Estate Case Papers","http://indexes.records.nsw.gov.au/searchhits_nocopy.aspx?table=Index to Intestate Estate Case Papers&id=53&frm=1&query=Surname:%"
"Index to Early Probate Records","http://indexes.records.nsw.gov.au/searchhits_nocopy.aspx?table=Index to Early Probate Records&id=52&frm=1&query=Surname:%"
"Divorce Index","http://indexes.records.nsw.gov.au/searchhits_nocopy.aspx?table=Divorce Index&id=16&frm=1&query=Surname:%"
"Schools","http://indexes.records.nsw.gov.au/searchhits_nocopy.aspx?table=Schools&id=32&frm=1&query=School:%"
"Index to Gaol Photographs","http://indexes.records.nsw.gov.au/searchhits_nocopy.aspx?table=Index to Gaol Photographs&id=22&frm=1&query=Surname:%"
"Register of Auriferous Leases","http://indexes.records.nsw.gov.au/searchhits_nocopy.aspx?table=Register of Auriferous Leases&id=63&frm=1&query=Surname:%"
"Index to Court of Claims","http://indexes.records.nsw.gov.au/searchhits_nocopy.aspx?table=Index to Court of Claims&id=54&frm=1&query=Surname:%"
"Depasturing Licenses","http://indexes.records.nsw.gov.au/searchhits_nocopy.aspx?table=Depasturing Licenses&id=67&frm=1&query=Surname:%"
"LandGrants","http://indexes.records.nsw.gov.au/searchhits_nocopy.aspx?table=LandGrants&id=78&frm=1&query=Surname:%"
"Closer and Soldier Settlement Transfer Files","http://indexes.records.nsw.gov.au/searchhits_nocopy.aspx?table=Closer and Soldier Settlement Transfer Files&id=41&frm=1&query=Surname:%"
"Closer Settlement Transfer Registers, NRS 8082","http://indexes.records.nsw.gov.au/searchhits_nocopy.aspx?table=Closer Settlement Transfer Registers, NRS 8082&id=62&frm=1&query=Surname:%"
"Returned Soldier Settlement Loan Files","http://indexes.records.nsw.gov.au/searchhits_nocopy.aspx?table=Returned Soldier Settlement Loan Files&id=75&frm=1&query=Surname:%"
"Returned Soldiers Settlement Misc files 1916-25","http://indexes.records.nsw.gov.au/searchhits_nocopy.aspx?table=Returned Soldiers Settlement Misc files 1916-25&id=56&frm=1&query=Surname:%"
"Registers of Settlement Purchases","http://indexes.records.nsw.gov.au/searchhits_nocopy.aspx?table=Registers of Settlement Purchases&id=58&frm=1&query=Surname:%"
"Index to Squatters and Graziers","http://indexes.records.nsw.gov.au/searchhits_nocopy.aspx?table=Index to Squatters and Graziers&id=70&frm=1&query=Surname:%"
"List of Maps and Plans (and Supplement)","http://indexes.records.nsw.gov.au/searchhits_nocopy.aspx?table=List of Maps and Plans (and Supplement)&id=33&frm=1&query=[SR Item]:%"
"FieldBooks","http://indexes.records.nsw.gov.au/searchhits_nocopy.aspx?table=FieldBooks&id=17&frm=1&query=Surname:%"
"Surveyor General - Letters received 1822-55","http://indexes.records.nsw.gov.au/searchhits_nocopy.aspx?table=Surveyor General - Letters received 1822-55&id=35&frm=1&query=Surname:%"
"Index to Closer Settlement Promotion","http://indexes.records.nsw.gov.au/searchhits_nocopy.aspx?table=Index to Closer Settlement Promotion&id=60&frm=1&query=Surname:%"
"Australian Railway Supply Detachment","http://indexes.records.nsw.gov.au/searchhits_nocopy.aspx?table=Australian Railway Supply Detachment&id=8&frm=1&query=Surname:%"
"Nominal Roll of the First Railway Section (AIF)","http://indexes.records.nsw.gov.au/searchhits_nocopy.aspx?table=Nominal Roll of the First Railway Section (AIF)&id=7&frm=1&query=Surname:%"
"NSW Government Employees Granted Military Leave, 1914-1918","http://indexes.records.nsw.gov.au/searchhits_nocopy.aspx?table=NSW Government Employees Granted Military Leave, 1914-1918&id=82&frm=1&query=Surname:%"
"NSW Govt Railways and Tramways - Roll of Honour - 1914-1919","http://indexes.records.nsw.gov.au/searchhits_nocopy.aspx?table=NSW Govt Railways and Tramways - Roll of Honour - 1914-1919&id=46&frm=1&query=Surname:%"
"Naturalisation","http://indexes.records.nsw.gov.au/searchhits_nocopy.aspx?table=Naturalisation&id=30&frm=1&query=Surname:%"
"Railway Employment Records","http://indexes.records.nsw.gov.au/searchhits_nocopy.aspx?table=Railway Employment Records&id=50&frm=1&query=Surname:%"
